[{"id":"6288224805192@s.whatsapp.net","time":"14/08 19:46:03","reason":"Off dlu gk ada kuota"},{"id":"6288708344182@s.whatsapp.net","time":"14/08 21:04:46","reason":"lagi ngecanvas"},{"id":"12135998445@s.whatsapp.net","time":"14/08 22:01:01","reason":"afk turu"},{"id":"6282394444279@s.whatsapp.net","time":"15/08 20:29:05","reason":"tidur"},{"id":"6281219193362@s.whatsapp.net","time":"15/08 22:26:58","reason":"Ngantuk"},{"id":"6283897011555@s.whatsapp.net","time":"16/08 13:47:18","reason":"ngocox peli"},{"id":"6285231400361@s.whatsapp.net","time":"16/08 13:51:39","reason":"Nothing."},{"id":"6285815277686@s.whatsapp.net","time":"16/08 13:53:28","reason":"turu"},{"id":"6285725449289@s.whatsapp.net","time":"16/08 14:04:09","reason":"mendem"},{"id":"6285979221076@s.whatsapp.net","time":"17/08 01:23:09","reason":"mau nyari anime yaoi"},{"id":"6285803357947@s.whatsapp.net","time":"29/08 00:53:30","reason":"p"},{"id":"6282252436124@s.whatsapp.net","time":"30/08 13:12:51","reason":"Nothing."}]