[{"id":"6285894214016@s.whatsapp.net","uang":19},{"id":"6283171426085@s.whatsapp.net","uang":759},{"id":"13605024221@s.whatsapp.net","uang":35},{"id":"6288286421519@s.whatsapp.net","uang":445},{"id":"6288292024190@s.whatsapp.net","uang":687},{"id":"6282166794647@s.whatsapp.net","uang":27},{"id":"6289626692456@s.whatsapp.net","uang":188},{"id":"62822969587146@s.whatsapp.net","uang":19},{"id":"6283131479351@s.whatsapp.net","uang":75},{"id":"6285777451314@s.whatsapp.net","uang":93},{"id":"6288239030185@s.whatsapp.net","uang":39},{"id":"6283183586629@s.whatsapp.net","uang":270},{"id":"628889578024@s.whatsapp.net","uang":79},{"id":"6283152753417@s.whatsapp.net","uang":197},{"id":"6289686869540@s.whatsapp.net","uang":64},{"id":"60168233052@s.whatsapp.net","uang":11},{"id":"6289653151096@s.whatsapp.net","uang":386},{"id":"62895616063516@s.whatsapp.net","uang":833},{"id":"6285883422889@s.whatsapp.net","uang":404},{"id":"6289635851839@s.whatsapp.net","uang":259},{"id":"6281283320841@s.whatsapp.net","uang":33},{"id":"6283877523796@s.whatsapp.net","uang":213},{"id":"6285717201954@s.whatsapp.net","uang":19},{"id":"62895351493999@s.whatsapp.net","uang":14},{"id":"6285832017321@s.whatsapp.net","uang":18},{"id":"6283134919836@s.whatsapp.net","uang":168},{"id":"6281933972808@s.whatsapp.net","uang":14},{"id":"6288267151762@s.whatsapp.net","uang":44},{"id":"6289531221685@s.whatsapp.net","uang":690},{"id":"6282125071478@s.whatsapp.net","uang":31},{"id":"628875010838@s.whatsapp.net","uang":172},{"id":"62882015475507@s.whatsapp.net","uang":63},{"id":"6287832288238@s.whatsapp.net","uang":134},{"id":"6282152723538@s.whatsapp.net","uang":19},{"id":"6282183785004@s.whatsapp.net","uang":167},{"id":"62856924165530@s.whatsapp.net","uang":33},{"id":"6281229859085@s.whatsapp.net","uang":17},{"id":"60139571124@s.whatsapp.net","uang":26},{"id":"60175084410@s.whatsapp.net","uang":29},{"id":"6285802915480@s.whatsapp.net","uang":30},{"id":"62858106219831@s.whatsapp.net","uang":46},{"id":"6288232156681@s.whatsapp.net","uang":317},{"id":"6282181635983@s.whatsapp.net","uang":19},{"id":"60135151103@s.whatsapp.net","uang":119},{"id":"27659849881@s.whatsapp.net","uang":13},{"id":"6285742694213@s.whatsapp.net","uang":30},{"id":"6287762211841@s.whatsapp.net","uang":16},{"id":"62895403595995@s.whatsapp.net","uang":23},{"id":"6281354211117@s.whatsapp.net","uang":145},{"id":"62852985327189@s.whatsapp.net","uang":50},{"id":"6285803357947@s.whatsapp.net","uang":115},{"id":"6283198310459@s.whatsapp.net","uang":107},{"id":"6283128596547@s.whatsapp.net","uang":223},{"id":"6287857180075@s.whatsapp.net","uang":16},{"id":"62895422872318@s.whatsapp.net","uang":15},{"id":"60143581850@s.whatsapp.net","uang":11},{"id":"6289652948525@s.whatsapp.net","uang":12},{"id":"6285700480317@s.whatsapp.net","uang":33},{"id":"62895364353888@s.whatsapp.net","uang":17},{"id":"6283125957279@s.whatsapp.net","uang":15},{"id":"6285253111339@s.whatsapp.net","uang":12},{"id":"6281248249833@s.whatsapp.net","uang":466},{"id":"6285215319934@s.whatsapp.net","uang":2527},{"id":"62895326097674@s.whatsapp.net","uang":714},{"id":"6283892325360@s.whatsapp.net","uang":3449},{"id":"62895704151428@s.whatsapp.net","uang":781},{"id":"18777382006@s.whatsapp.net","uang":70},{"id":"6285695451209@s.whatsapp.net","uang":361},{"id":"62852153199344@s.whatsapp.net","uang":166},{"id":"6287828304267@s.whatsapp.net","uang":478},{"id":"6285221247190@s.whatsapp.net","uang":110},{"id":"62857147461451@s.whatsapp.net","uang":487},{"id":"6285156476017@s.whatsapp.net","uang":134},{"id":"6283175068434@s.whatsapp.net","uang":441},{"id":"6282138188516@s.whatsapp.net","uang":458},{"id":"6289636634511@s.whatsapp.net","uang":18},{"id":"62858633808046@s.whatsapp.net","uang":464},{"id":"6281905473135@s.whatsapp.net","uang":16},{"id":"62896439884282@s.whatsapp.net","uang":25}]